,Tweets,len,ID,Date,Source,Likes,RT
0,"RT @GOPChairwoman: ""China and who can best rebuild our economy will be the dominant issues on Election Day and that‚Äôs bad news for Joe Bide‚Ä¶",140,1261514511057641472,2020-05-16 04:31:11,Twitter for iPhone,0,3552
1,Hello to India! https://t.co/iiR20ZLKrE,39,1261514269822201856,2020-05-16 04:30:14,Twitter for iPhone,77874,16586
2,I‚Äôll do it again! https://t.co/ND3yBfM1lJ,41,1261512626028318720,2020-05-16 04:23:42,Twitter for iPhone,60579,14452
3,My Hero. New York‚Äôs Finest! https://t.co/KOhZ6BHhxc,51,1261511702253916160,2020-05-16 04:20:02,Twitter for iPhone,30140,6672
4,RT @DonaldJTrumpJr: Joe #BeijingBiden has spent the last half century in politics putting China first! Only @realDonaldTrump will always pu‚Ä¶,140,1261511271062659073,2020-05-16 04:18:19,Twitter for iPhone,0,6366
5,"RT @Mike_Pence: Proud to welcome General Jay Raymond, Chief of Space Operations, United States Space Force, to my Ceremonial Office after t‚Ä¶",140,1261511160110686213,2020-05-16 04:17:52,Twitter for iPhone,0,3855
6,"RT @KevinVesey: The level of anger directed at the media from these protestors was alarming. As always, I will tell a fair and unbiased sto‚Ä¶",140,1261509800053129222,2020-05-16 04:12:28,Twitter for iPhone,0,29458
7,RT @paulsperry_: Obama officials were spying on incoming National Security Adviser Flynn's foreign calls weeks before his controversial pho‚Ä¶,140,1261500608550494209,2020-05-16 03:35:57,Twitter for iPhone,0,6640
8,"Another Fake Whistleblower. Republicans must do something about these terrible people, and now! https://t.co/OVgB5jkzDO",119,1261500227493801984,2020-05-16 03:34:26,Twitter for iPhone,32729,10527
9,"‚ÄúFAKE NEWS IS NOT ESSENTIAL!‚Äù
https://t.co/5286zgRVWQ",53,1261470041221902338,2020-05-16 01:34:29,Twitter for iPhone,83751,23494
10,"RT @PressSec: FACT CHECK: President @realDonaldTrump DID NOT dismantle the pandemic response office.

The NSC‚Äôs Counter-proliferation and B‚Ä¶",140,1261439344331624448,2020-05-15 23:32:30,Twitter for iPhone,0,11230
11,"RT @IvankaTrump: Two years ago today @realDonaldTrump kept his promise and opened the U.S. Embassy in Jerusalem. 

I was honored to be in I‚Ä¶",140,1261439078022565889,2020-05-15 23:31:27,Twitter for iPhone,0,10208
12,RT @realDonaldTrump: Today I was presented with the brand new @SpaceForceDoD flag in the Oval Office. I will take Great Pride in displaying‚Ä¶,140,1261437097702907904,2020-05-15 23:23:35,Twitter for iPhone,0,18640
13,RT @realDonaldTrump: https://t.co/v4XFSs5NBg,44,1261421118734233601,2020-05-15 22:20:05,Twitter for iPhone,0,12383
14,https://t.co/cxDQMyaQD8,23,1261418042103230464,2020-05-15 22:07:51,Twitter for iPhone,38632,9843
15,"RT @TeamTrump: President @realDonaldTrump to NYPD officer who recovered from #Coronavirus: ‚ÄúYou‚Äôre my hero."" https://t.co/3bRiDuUfN6",132,1261411774592700418,2020-05-15 21:42:57,Twitter for iPhone,0,10213
16,Such a wonderful reception yesterday in Pennsylvania. Thank you! #MAGA https://t.co/lNQMxRqDiA,94,1261373283536175104,2020-05-15 19:10:00,Twitter for iPhone,133898,32053
17,I am proud to announce that the United States will donate ventilators to our friends in India. We stand with India‚Ä¶ https://t.co/2VbAR4CwRf,139,1261368451555360774,2020-05-15 18:50:48,Twitter for iPhone,299498,65899
18,Today I was presented with the brand new @SpaceForceDoD flag in the Oval Office. I will take Great Pride in display‚Ä¶ https://t.co/TLyJHN76fc,140,1261362777517678593,2020-05-15 18:28:15,Twitter for iPhone,71144,18640
19,"RT @WhiteHouse: Recent data ""made me feel even more confident"" that a vaccine will be available by the end of 2020, Dr. Moncef Slaoui says.‚Ä¶",140,1261362486067949569,2020-05-15 18:27:06,Twitter for iPhone,0,5338
20,"RT @WhiteHouse: Operation Warp Speed is ""a massive scientific, industrial, and logistical endeavor unlike anything our country has seen sin‚Ä¶",140,1261362431617449985,2020-05-15 18:26:53,Twitter for iPhone,0,6550
21,RT @WhiteHouse: LIVE: POTUS Delivers Remarks on Vaccine Development https://t.co/ktpk4urgB1,91,1261335926174814208,2020-05-15 16:41:33,Twitter for iPhone,0,6567
22,Chicago‚Äôs @CTA has big federal resources heading its way to keep the transit system operational and to keep people‚Ä¶ https://t.co/vy7UQnWmOG,139,1261304214317301761,2020-05-15 14:35:33,Twitter for iPhone,53639,12878
23,I am proud to announce that @NJTransit will receive $1.4B in CARES Act funding to assist in their continued operati‚Ä¶ https://t.co/R2ITK5Uhrq,140,1261302802296561668,2020-05-15 14:29:56,Twitter for iPhone,53475,12162
24,"....Likewise, the @nytimes and @washingtonpost are a disgrace to journalism. They are all Fake News, and they know‚Ä¶ https://t.co/W7F1gBgdVX",139,1261270085244792832,2020-05-15 12:19:56,Twitter for iPhone,84191,21231
25,"Thank you to @foxandfriends for covering, supremely, the greatest political scandal in the history of the United St‚Ä¶ https://t.co/Wq68KkiSrN",140,1261270084644896768,2020-05-15 12:19:56,Twitter for iPhone,128219,34900
26,RT @realDonaldTrump: https://t.co/AMtNByOrL5,44,1261266646611656704,2020-05-15 12:06:16,Twitter for iPhone,0,15111
27,RT @Jim_Jordan: Who told President Obama?,41,1261266494022959104,2020-05-15 12:05:40,Twitter for iPhone,0,23116
28,It‚Äôs about time! https://t.co/xLPbfit1mM,40,1261142428565876736,2020-05-15 03:52:40,Twitter for iPhone,59935,16140
29,RT @GreggJarrett: Biden Campaign Responds to NSA ‚ÄòUnmasking‚Äô List by Personally Attacking Journalist https://t.co/89iuL1PV2h,124,1261142175712239617,2020-05-15 03:51:40,Twitter for iPhone,0,9812
30,GREAT! https://t.co/NKasqCcngk,30,1261142015175245830,2020-05-15 03:51:01,Twitter for iPhone,55280,14805
31,Where is the 302? It is missing. Was it stolen or destroyed? General Flynn is being persecuted! #OBAMAGATE,106,1261138690929295361,2020-05-15 03:37:49,Twitter for iPhone,167800,47964
32,"Thank you to all of my great Keyboard Warriors. You are better, and far more brilliant, than anyone on Madison Aven‚Ä¶ https://t.co/gma9nEFxoO",140,1261126114799468549,2020-05-15 02:47:51,Twitter for iPhone,272022,63242
33,"RT @SteveHiltonx: ""Obamagate is not a conspiracy theory""

Obama, Biden, CIA director Brennan, intelligence chief Clapper, attorney general‚Ä¶",139,1261121335108997120,2020-05-15 02:28:51,Twitter for iPhone,0,19861
34,RT @GrahamLedger: This is a ray of sunshine on a cloudy year.... #ca25,70,1261118718630912002,2020-05-15 02:18:27,Twitter for iPhone,0,8010
35,RT @GrahamLedger: https://t.co/AHdelM6E6b,41,1261118606512963585,2020-05-15 02:18:00,Twitter for iPhone,0,7938
36,"RT @thehill: Sen. Rand Paul: ""Biden accessed the identity and the private conversation of a political opponent. There is no more clear viol‚Ä¶",140,1261118572799102977,2020-05-15 02:17:52,Twitter for iPhone,0,10248
37,RT @thehill: Democrats lose House seat in California special election https://t.co/IpjEnE54s9 https://t.co/YSA0yj9FDg,117,1261118413335920641,2020-05-15 02:17:14,Twitter for iPhone,0,5988
38,Thank you. My great honor! https://t.co/lhV5VjJEoT,50,1261117927060844545,2020-05-15 02:15:18,Twitter for iPhone,57654,12729
39,"RT @DC_Draino: Uh oh, wouldn‚Äôt want the Commies in blue states to see us Floridians all out at bars having a good time with no face masks‚Ä¶",138,1261117760962166786,2020-05-15 02:14:39,Twitter for iPhone,0,22802
40,Thanks. You are very cool! https://t.co/K789oTR0uM,50,1261117493189529600,2020-05-15 02:13:35,Twitter for iPhone,136817,34514
41,RT @SaraCarterDC: #BREAKING Jordan Requests Pompeo Turn Over Explosive Docs Exposing Alleged 'Whistleblower' And Hunter Biden https://t.co/‚Ä¶,140,1261116943966375937,2020-05-15 02:11:24,Twitter for iPhone,0,14838
42,RT @paulsperry_: BREAKING: Top Clinton Campaign Officials Podesta and Sullivan Secretly Joined Forces With Fusion GPS After The Election --‚Ä¶,140,1261116587236642820,2020-05-15 02:09:59,Twitter for iPhone,0,9610
43,RT @paulsperry_: BREAKING: The narrative that Moscow deployed Russian bots to spread Internet disinformation in support of vulnerable GOP c‚Ä¶,140,1261116511965589504,2020-05-15 02:09:41,Twitter for iPhone,0,7963
44,"RT @paulsperry_: This is on Dr. Fauci's own NIH website:

Breakthrough: Chloroquine phosphate has shown apparent efficacy in treatment of C‚Ä¶",140,1261116447931207680,2020-05-15 02:09:26,Twitter for iPhone,0,14698
45,RT @DailyCaller: We got no response from the @JoeBiden campaign today when we asked them for an explanation of the then Vice President‚Äôs re‚Ä¶,140,1261116170477977602,2020-05-15 02:08:20,Twitter for iPhone,0,7597
46,RT @AriFleischer: Clapper gets asked a hard question and what‚Äôs he do?  He goes AWOL...,87,1261115115413397504,2020-05-15 02:04:08,Twitter for iPhone,0,12634
47,RT @KarlRove: Coronavirus Response &amp; Ventilators: Trump Administration Handled Potential Shortage Deftly | National Review https://t.co/K3x‚Ä¶,144,1261114938254340101,2020-05-15 02:03:26,Twitter for iPhone,0,4148
48,RT @DanHenninger: The Flynn case shows how Washington elites lost faith in the American system they administer and debased its institutions‚Ä¶,140,1261112878226124801,2020-05-15 01:55:15,Twitter for iPhone,0,6867
49,RT @realDonaldTrump: Intel chief releases info on ‚Äòunmasking‚Äô of Flynn to Capitol Hill https://t.co/21wRsUboOf via @politico,124,1261102940149989380,2020-05-15 01:15:45,Twitter for iPhone,0,16663
50,"Great work @Owens_Minor! On behalf of the American People, THANK YOU! https://t.co/NEulBS70bz https://t.co/PmB81mn8JL",117,1261079096404123648,2020-05-14 23:41:00,Twitter for iPhone,46448,12374
51,RT @realDonaldTrump: OBAMAGATE!,31,1261053344057044994,2020-05-14 21:58:41,Twitter for iPhone,0,99607
52,RT @WhiteHouse: American workers are the best in the world! üá∫üá∏ https://t.co/kSTTz7PovL,86,1261053274901356546,2020-05-14 21:58:24,Twitter for iPhone,0,7445
53,"RT @WhiteHouse: ""We thank God for the courage of those on the front lines."" https://t.co/l8yuSzOKxV",99,1261053253996994560,2020-05-14 21:58:19,Twitter for iPhone,0,6359
54,"RT @SecretService: Today, we lost an American Hero: Husband, Father, Son, Medal of Honor Recipient - Special Agent Ronald J. Shurer II. Fro‚Ä¶",140,1261051887874424833,2020-05-14 21:52:53,Twitter for iPhone,0,16433
55,RT @USAmbIsrael: Today is the 2nd anniversary of the opening of the US Embassy in Jerusalem. Pls enjoy this video which captures some of th‚Ä¶,140,1261025871567007744,2020-05-14 20:09:31,Twitter for iPhone,0,7967
56,"Just landed in Pennsylvania, see everyone soon! https://t.co/RUAfkv1cOs",71,1260987576300625920,2020-05-14 17:37:20,Twitter for iPhone,59586,12684
57,"RT @MikeKellyPA: It‚Äôs been said that 90% of life is showing up because when you show up, people know that you care. Thank you @POTUS @realD‚Ä¶",140,1260985723399766016,2020-05-14 17:29:59,Twitter for iPhone,0,11216
58,"RT @GReschenthaler: FEMA is sending 83,400 testing swabs and 55,660 media tubes to the Commonwealth of PA. 

Thank you @realdonaldtrump and‚Ä¶",140,1260985687957856256,2020-05-14 17:29:50,Twitter for iPhone,0,6439
59,"On my way, see you soon! https://t.co/Ava0nf3Eqq",48,1260984775524769798,2020-05-14 17:26:13,Twitter for iPhone,48863,8983
60,"RT @PtRightsAdvoc: Thank you @realDonaldTrump for your BOLD leadership during the #COVID19 crisis, AND for protecting all Americans - patie‚Ä¶",140,1260984109389635584,2020-05-14 17:23:34,Twitter for iPhone,0,5357
61,"On my way to PENNSYLVANIA! 
https://t.co/knZn9xcwix",51,1260981100806934528,2020-05-14 17:11:36,Twitter for iPhone,82914,13409
62,RT @WhiteHouse: President @realDonaldTrump talks supply chains‚Äîand why they should be completely in the United States! https://t.co/5pinhau‚Ä¶,140,1260958651981991936,2020-05-14 15:42:24,Twitter for iPhone,0,12074
63,"RT @WhiteHouse: President @realDonaldTrump: ""Every other President let China do whatever they wanted."" https://t.co/jEffuEFUlv",126,1260958630792265729,2020-05-14 15:42:19,Twitter for iPhone,0,11648
64,RT @WhiteHouse: It's time to bring back the greatest economy in history. https://t.co/eiKXrOYAU7,96,1260958625796952067,2020-05-14 15:42:18,Twitter for iPhone,0,12285
65,RT @TeamTrump: Democrats want OPEN BORDERS! https://t.co/pWb1XJDN83,67,1260958318832562178,2020-05-14 15:41:05,Twitter for iPhone,0,7731
66,https://t.co/AMtNByOrL5,23,1260958236313862151,2020-05-14 15:40:45,Twitter for iPhone,53631,15111
67,I am proud to announce the first $500M of $3.9B in CARES Act transit funding headed to the NY Metropolitan Transpor‚Ä¶ https://t.co/yjAKarlVYf,140,1260951768395063298,2020-05-14 15:15:03,Twitter for iPhone,67342,15521
68,"If I were a Senator or Congressman, the first person I would call to testify about the biggest political crime and‚Ä¶ https://t.co/wikuf2TexS",139,1260938381254701060,2020-05-14 14:21:51,Twitter for iPhone,185469,59312
69,Good numbers coming out of States that are opening. America is getting its life back! Vaccine work is looking VERY‚Ä¶ https://t.co/NUYt6yTL5g,139,1260919777301798912,2020-05-14 13:07:56,Twitter for iPhone,152733,29114
70,22-O in my endorsements of Congressional Candidates this season. California &amp; Wisconsin won big on Tuesday. Thank y‚Ä¶ https://t.co/7HANO4ia7Y,144,1260913802423476224,2020-05-14 12:44:11,Twitter for iPhone,112246,24308
71,"I don‚Äôt know the so-called Whistleblower Rick Bright, never met him or even heard of him, but to me he is a disgrun‚Ä¶ https://t.co/LxZfO1XR1T",140,1260912207027675136,2020-05-14 12:37:51,Twitter for iPhone,133311,28253
72,"The Great State of Wisconsin, home to Tom Tiffany‚Äôs big Congressional Victory on Tuesday, was just given another wi‚Ä¶ https://t.co/L58ULXd4tC",140,1260905587912646656,2020-05-14 12:11:33,Twitter for iPhone,109975,26520
73,OBAMAGATE!,10,1260735992727769096,2020-05-14 00:57:38,Twitter for iPhone,391706,99607
74,Proud of Mike! https://t.co/g1HvItV79N,38,1260735788133814272,2020-05-14 00:56:49,Twitter for iPhone,82572,18024
75,First time in 22 years. Mike will be a GREAT CONGRESSMAN! https://t.co/rNzwwFkzSZ,81,1260735521246019584,2020-05-14 00:55:46,Twitter for iPhone,97918,21557
76,Intel chief releases info on ‚Äòunmasking‚Äô of Flynn to Capitol Hill https://t.co/21wRsUboOf via @politico,103,1260734981984354304,2020-05-14 00:53:37,Twitter for iPhone,54333,16663
77,"THANK YOU, WORKING HARD! #MAGA https://t.co/NytV20gopi",54,1260595662091100161,2020-05-13 15:40:01,Twitter for iPhone,130068,29062
78,"As I have said for a long time, dealing with China is a very expensive thing to do. We just made a great Trade Deal‚Ä¶ https://t.co/aVzJ0Lr1OS",140,1260578860992737285,2020-05-13 14:33:15,Twitter for iPhone,183162,45504
79,"When the so-called ‚Äúrich guys‚Äù speak negatively about the market, you must always remember that some are betting bi‚Ä¶ https://t.co/d2GPNzjaAU",140,1260574760930545666,2020-05-13 14:16:58,Twitter for iPhone,192375,46738
80,"RT @dcexaminer: ""It was the worst journalistic fiasco of now my more than 50 some years in journalism.""

@BritHume called the media's cover‚Ä¶",140,1260563282907316224,2020-05-13 13:31:21,Twitter for iPhone,0,13632
81,"RT @dcexaminer: MORE: 

https://t.co/34C4HQoyNG",47,1260563188057288705,2020-05-13 13:30:58,Twitter for iPhone,0,7063
82,"RT @alexsalvinews: Fox News‚Äô Brit Hume calls the media‚Äôs coverage of alleged collusion with the Trump campaign and Russia the ""worst journa‚Ä¶",140,1260563111939051521,2020-05-13 13:30:40,Twitter for iPhone,0,11889
83,RT @dbongino: Brit Hume: Mueller report coverage 'worst journalistic fiasco' he's seen in 50-year news caree https://t.co/bYiMt30Kar,132,1260562962567348224,2020-05-13 13:30:05,Twitter for iPhone,0,10546
84,Obama was always wrong! https://t.co/xRU4kJtExs,47,1260562505845354497,2020-05-13 13:28:16,Twitter for iPhone,169601,43827
85,Does anybody believe this man? Caught! https://t.co/WfnIqs6BsE,62,1260561967573602321,2020-05-13 13:26:07,Twitter for iPhone,113496,33031
86,‚ÄúNewly released documents show Schiff knew all along there was no proof of Russia-Trump collusion.‚Äù Wall Street Journal,119,1260559055988408321,2020-05-13 13:14:33,Twitter for iPhone,180698,48751
87,RT @LoveYourLife03: @Techno_Fog https://t.co/WCtvKRXc2C How can this be used in getting attention to the Judge making a huge error? Shouldn‚Ä¶,140,1260556433134927874,2020-05-13 13:04:08,Twitter for iPhone,0,8363
88,"Big Congressional win in California for Mike Garcia, taking back a seat from the Democrats. This is the first time‚Ä¶ https://t.co/RBssMMZV85",139,1260554985881964546,2020-05-13 12:58:23,Twitter for iPhone,166353,39006
89,"RT @Techno_Fog: More on Flynn case - 

Part of the ""Watergate Prosecutors"" group who filed a brief opposing the DOJ motion to dismiss is Ji‚Ä¶",140,1260413365878435843,2020-05-13 03:35:38,Twitter for iPhone,0,12449
90,RT @jsolomonReports: FDA approves first COVID-19 antigen test https://t.co/LifbtzDWHp,85,1260413098319626248,2020-05-13 03:34:34,Twitter for iPhone,0,6490
91,"RT @jsolomonReports: Chuck Todd‚Äôs Meet the Press show admits deceptive edit of Barr video, DOJ cries foul | Just The News https://t.co/brIn‚Ä¶",140,1260412920267018240,2020-05-13 03:33:52,Twitter for iPhone,0,15830
92,"Women for Trump co-chair: Biden might not be 'ultimate nominee,' and Dems engaging in 'elder abuse' https://t.co/Cn8akDaNzO",123,1260412811840311296,2020-05-13 03:33:26,Twitter for iPhone,51751,15099
93,"RT @dcexaminer: ""It was the worst journalistic fiasco of now my more than 50 some years in journalism. 

It was a disaster.""

@BritHume cal‚Ä¶",140,1260409304743624705,2020-05-13 03:19:30,Twitter for iPhone,0,18695
94,Fake @PulitzerPrizes must be taken back. These ‚Äújournalists‚Äù got everything wrong. Give them to the real journalist‚Ä¶ https://t.co/njNbBD8sHP,140,1260407831137828865,2020-05-13 03:13:38,Twitter for iPhone,72877,23168
95,Shifty Schiff exposed! https://t.co/PmZ6uPc2LQ,46,1260406413102321670,2020-05-13 03:08:00,Twitter for iPhone,117786,35254
96,RT @PNowhiteflag: @GreggJarrett https://t.co/yzHASTwsl4,55,1260404920836128775,2020-05-13 03:02:04,Twitter for iPhone,0,10018
97,RT @GreggJarrett: Flynn Attorney: Whole Thing ‚ÄòSet Up Within the FBI and in the Oval Office with President Obama https://t.co/CZ0CrhVsPq,136,1260404906562904064,2020-05-13 03:02:01,Twitter for iPhone,0,16857
98,Big News: Tom Tiffany of the Great State of Wisconsin has just become Congressman Tom Tiffany. He will do a FANTAST‚Ä¶ https://t.co/I4pNkxhSez,140,1260400362344906759,2020-05-13 02:43:58,Twitter for iPhone,151520,30490
99,RT @ohiogop: Our economy was strong before covid-19 and @realDonaldTrump has equipped small businesses across the nation to get back to wor‚Ä¶,140,1260395232442679297,2020-05-13 02:23:35,Twitter for iPhone,0,6305
100,"RT @virginiafoxx: The @WhiteHouse and @POTUS continue to lead the fight against COVID-19 in North Carolina. 

39 health centers across N.C.‚Ä¶",140,1260395162678812678,2020-05-13 02:23:18,Twitter for iPhone,0,4674
101,"RT @RepArmstrongND: Just heard from the @WhiteHouse that a @fema shipment of 50,000 K-90 masks have been sent to ND in addition to what we‚Ä¶",139,1260395112988803073,2020-05-13 02:23:06,Twitter for iPhone,0,5442
102,"RT @kilmeade: The true story of the ultimate American underdogs is told in my new book ""Sam Houston &amp; the Alamo Avengers"" available in pape‚Ä¶",144,1260374475591254018,2020-05-13 01:01:06,Twitter for iPhone,0,4306
103,"RT @realDonaldTrump: Remember, get out and Vote for Mike Garcia in CA25. A really big deal for our Country!",107,1260292943233069056,2020-05-12 19:37:07,Twitter for iPhone,0,25229
104,"RT @realDonaldTrump: Wisconsin, please get out NOW and vote for Tom Tiffany for Congress. A great guy!",102,1260292881497100288,2020-05-12 19:36:52,Twitter for iPhone,0,25712
105,"As long as other countries are receiving the benefits of Negative Rates, the USA should also accept the ‚ÄúGIFT‚Äù. Big numbers!",124,1260206276216266754,2020-05-12 13:52:44,Twitter for iPhone,90900,19686
106,"California should let Tesla &amp; @elonmusk open the plant, NOW. It can be done Fast &amp; Safely!",98,1260203080076931072,2020-05-12 13:40:02,Twitter for iPhone,288603,41185
107,"Crude Oil prices going up as Saudi Arabia cuts production levels. Our great Energy Companies, with millions of JOBS‚Ä¶ https://t.co/NQCdSz22a9",140,1260199923968081920,2020-05-12 13:27:29,Twitter for iPhone,94073,23080
108,"Wisconsin, please get out NOW and vote for Tom Tiffany for Congress. A great guy!",81,1260185657395339266,2020-05-12 12:30:48,Twitter for iPhone,104670,25712
109,"Looking forward to being in Allentown, Pennsylvania, on Thursday. I love the State, and for very good reason!",109,1260185030967676928,2020-05-12 12:28:19,Twitter for iPhone,103121,20526
110,"Remember this, every Governor who has sky high approval on their handling of the Coronavirus, and I am happy for th‚Ä¶ https://t.co/7bIid7cZrs",140,1260177007490600960,2020-05-12 11:56:26,Twitter for iPhone,126211,24528
111,"So interesting to see all of these people I beat so badly, pundits &amp; consultants that never had a chance, telling m‚Ä¶ https://t.co/lWSxHpxuW0",144,1260174133935124481,2020-05-12 11:45:01,Twitter for iPhone,86434,20470
112,"Our Testing is the BEST in the World, by FAR! Numbers are coming down in most parts of our Country, which wants to‚Ä¶ https://t.co/eDdRiMF2l7",139,1260171664865796097,2020-05-12 11:35:12,Twitter for iPhone,80850,17190
113,The American People are WARRIORS!,33,1260170754496311296,2020-05-12 11:31:35,Twitter for iPhone,256728,44524
114,TRANSITION TO GREATNESS,23,1260169616510386176,2020-05-12 11:27:04,Twitter for iPhone,172691,33163
115,"96% APPROVAL RATING IN THE REPUBLICAN PARTY. THANK YOU! We will win against a tired, exhausted man, Sleepy Joe Biden, in November.",130,1260169167665270787,2020-05-12 11:25:17,Twitter for iPhone,125118,23857
116,"Asian Americans are VERY angry at what China has done to our Country, and the World. Chinese Americans are the most‚Ä¶ https://t.co/LqIVafAlNa",140,1260167707741368320,2020-05-12 11:19:28,Twitter for iPhone,194572,39202
117,RT @alexdatig: MediaBuzz: Former NBC Staffer Emily Miller Describes Culture of Harassment at NBC https://t.co/WLsWhEp4HD https://t.co/vijeT‚Ä¶,140,1260166590206816256,2020-05-12 11:15:02,Twitter for iPhone,0,8089
118,More than all other countries together! https://t.co/VsgQu6LTkt,63,1260166181513842688,2020-05-12 11:13:25,Twitter for iPhone,42028,10087
119,RT @BernardKerik: BREAKING: U.S. Officials Have Declassified List Of Obama Officials Who Were Involved In ‚ÄòUnmasking‚Äô General Flynn | The D‚Ä¶,140,1260165986076045312,2020-05-12 11:12:38,Twitter for iPhone,0,13840
120,"RT @alexdatig: Tammy Bruce: San Francisco Liberals Don't Push for Homeless Shelters, Turning to Big Government
https://t.co/v5UesY7cay http‚Ä¶",140,1260165849488470016,2020-05-12 11:12:05,Twitter for iPhone,0,5851
121,"RT @alexdatig: Fox‚Äôs Ingraham: Being Locked in a Basement Is a ‚ÄòGift‚Äô For Biden 
https://t.co/wrhi0uQy7w https://t.co/1CmmzQznwR",128,1260165798829723648,2020-05-12 11:11:53,Twitter for iPhone,0,5635
122,"RT @alexdatig: ICYMI: #MeToo Founder Rose McGowan Denounces Democratic Party, Says It's A ‚ÄúCult‚Äù",96,1260165564774916096,2020-05-12 11:10:58,Twitter for iPhone,0,13140
123,RT @RealJamesWoods: These were left in the lobby of an apartment building. They are unsecured ballots ripe for ‚Äúharvesting‚Äù by crooked Demo‚Ä¶,140,1260165413817798656,2020-05-12 11:10:22,Twitter for iPhone,0,24427
124,"RT @alexdatig: Sol Wisenberg: Unmasking, Leaking Flynn/Kislyak Phone Calls to Media a Felony https://t.co/Ue0yjjtmpO https://t.co/YqP8XFTWSn",140,1260165192085843968,2020-05-12 11:09:29,Twitter for iPhone,0,6745
125,RT @DailyCaller: Rose McGowan Accuses Bill Maher Of Sexual Harassment https://t.co/FylTrLiLXe,93,1260164772248633345,2020-05-12 11:07:49,Twitter for iPhone,0,8789
126,RT @k_kamehameha: @DailyCaller They're not trying to hide anything. They operate in the open knowing nobody will do a single thing about it‚Ä¶,140,1260163194108116993,2020-05-12 11:01:32,Twitter for iPhone,0,6893
127,"Remember, get out and Vote for Mike Garcia in CA25. A really big deal for our Country!",86,1260162910283849728,2020-05-12 11:00:25,Twitter for iPhone,91505,25229
128,When will they open a Cold Case on the Psycho Joe Scarborough matter in Florida. Did he get away with murder? Some‚Ä¶ https://t.co/ovSXRicIOr,139,1260161295019630592,2020-05-12 10:54:00,Twitter for iPhone,108762,30954
129,"Ratings way down, show sucks! https://t.co/vxSOvjbdf2",53,1260158343756341249,2020-05-12 10:42:16,Twitter for iPhone,59213,12336
130,OBAMAGATE makes Watergate look small time! https://t.co/vW19NbYXw6,66,1260156226224128000,2020-05-12 10:33:51,Twitter for iPhone,76713,23472
131,Sleepy Eyes fails again! https://t.co/MC7KSBo4Cd,48,1260155683443441664,2020-05-12 10:31:42,Twitter for iPhone,35476,9028
132,Big news! https://t.co/mV4cYB84Jm,33,1260155210498015232,2020-05-12 10:29:49,Twitter for iPhone,75944,21879
133,Fake Journalists! https://t.co/fdFWf95Zz1,41,1260155029253771264,2020-05-12 10:29:06,Twitter for iPhone,93479,20565
134,"A great time to have strong Borders, and we now have the strongest Borders in our history. 182 miles of Border Wall‚Ä¶ https://t.co/85oeMewjKQ",140,1260154672268148736,2020-05-12 10:27:41,Twitter for iPhone,45480,12724
135,"Then we must be very careful. Crazy Nancy would be a total disaster, and the USA will never be a Communist Country! https://t.co/r0tP5dxZ9h",139,1260152775389962240,2020-05-12 10:20:08,Twitter for iPhone,62047,17067
136,ColdCaseJoe! https://t.co/4EWnS6fZcX,36,1260152460942991360,2020-05-12 10:18:53,Twitter for iPhone,36489,10349
137,The Lamestream Media is truly out of control. Look how they work (conspire!) together. They are the Enemy of the Pe‚Ä¶ https://t.co/oKmprtnXyY,140,1260051164206333954,2020-05-12 03:36:22,Twitter for iPhone,107856,27041
138,"RT @paulsperry_: DEVELOPING: Steele's FBI handler Gaeta testified he memorialized his initial July 5, 2016, meeting w Steele &amp; his Nov 2016‚Ä¶",144,1260041903120187394,2020-05-12 02:59:34,Twitter for iPhone,0,8580
139,"RT @paulsperry_: BREAKING: Clinton campaign lawyer Marc Elias testified he sent the bills from Fusion GPS to campaign manager Robby Mook, y‚Ä¶",140,1260041779061063681,2020-05-12 02:59:05,Twitter for iPhone,0,26966
140,"RT @paulsperry_: BREAKING: After Hillary Clinton's campaign law firm fed Comey's top FBI counsel James Baker alleged Russia dirt on Trump,‚Ä¶",139,1260039694827630594,2020-05-12 02:50:48,Twitter for iPhone,0,19241
141,"RT @paulsperry_: It‚Äôs clear from recent revelations that President Obama &amp; his holdovers had a morbid fear of Lt. Gen. Flynn, an anti-Islam‚Ä¶",144,1260039400274059265,2020-05-12 02:49:38,Twitter for iPhone,0,9925
142,"RT @paulsperry_: BREAKING: In spite of the FBI terminating Steele as an FBI informant for misconduct in 2016, his FBI handler Michael Gaeta‚Ä¶",140,1260039177229479941,2020-05-12 02:48:44,Twitter for iPhone,0,6470
143,"RT @paulsperry_: BREAKING: Between July 2016 and October 2016, Christopher Steele provided as many as six reports regarding Trump and Russi‚Ä¶",140,1260039082278891520,2020-05-12 02:48:22,Twitter for iPhone,0,9254
144,"RT @paulsperry_: DEVELOPING: ""A few months"" after Steele in November 2016 was abruptly terminated as an FBI informant, his partner at Orbis‚Ä¶",140,1260039017137143818,2020-05-12 02:48:06,Twitter for iPhone,0,5940
145,RT @paulsperry_: DEVELOPING: Did top brass at Obama DOJ in August 2016 task a key department conduit for Christopher Steele to make sure th‚Ä¶,140,1260038936031670273,2020-05-12 02:47:47,Twitter for iPhone,0,6329
146,RT @paulsperry_: BREAKING: Steele's FBI handler Michael Gaeta swore under oath that tho Steele told him in July 2016 that Glenn Simpson &amp; a‚Ä¶,144,1260038851239784451,2020-05-12 02:47:27,Twitter for iPhone,0,6733
147,"RT @paulsperry_: BREAKING: In declassified doc, FBI agent Michael Gaeta testified that he asked dossier fraudster Christopher Steele in Jul‚Ä¶",140,1260038746369597440,2020-05-12 02:47:02,Twitter for iPhone,0,7435
148,"RT @paulsperry_: BREAKING: FBI HQ agreed to pay Steele a large undisclosed sum on Oct 3, 2016 ""for his work on the dossier,"" his handler FB‚Ä¶",140,1260038664060407809,2020-05-12 02:46:42,Twitter for iPhone,0,12716
149,Interestingly! https://t.co/LSXciF3gt0,38,1260037290111520768,2020-05-12 02:41:14,Twitter for iPhone,50856,15690
150,https://t.co/GNwQL5scL2,23,1260035400770314246,2020-05-12 02:33:44,Twitter Media Studio,52069,18056
151,OBAMAGATE! https://t.co/pFbb6hgDhF,34,1260032616780034049,2020-05-12 02:22:40,Twitter Media Studio,147699,55766
152,"RT @WhiteHouse: .@HHS_ASH Admiral Giroir breaks down America's leadership on testing, by the numbers. https://t.co/jfaR05cdUY",125,1259999681842642952,2020-05-12 00:11:48,Twitter for iPhone,0,6218
153,RT @SteveScalise: #GoodNewsOfTheDay ‚Üí The Trump Administration is sending over $10 MILLION to 36 Community Health Centers across Louisiana‚Ä¶,139,1259998208174030849,2020-05-12 00:05:57,Twitter for iPhone,0,5422
154,"RT @KenCalvert: Through Project Airbridge, California has received more than 1.2 million N95 masks, 7.5 million surgical masks, 4.5 million‚Ä¶",140,1259998028070629381,2020-05-12 00:05:14,Twitter for iPhone,0,4781
155,"RT @KayLyme: ‚ÄúGood news!  President Trump and @FEMA have delivered another shipment of materials to Michigan for over 100,000 tests! @realD‚Ä¶",140,1259997954783555586,2020-05-12 00:04:56,Twitter for iPhone,0,5495
156,"Vote @MikeGarcia2020 by May 12th! His opponent @ChristyforCA25 voted to fire teachers, and cut their salaries while‚Ä¶ https://t.co/n92eSGfWtM",140,1259970551965196288,2020-05-11 22:16:03,Twitter for iPhone,34932,11354
157,"....He is Strong on Crime, the Border, and Second Amendment. Tom has deep roots in Wisconsin, is a big Tax Cutter,‚Ä¶ https://t.co/xpyHQ6IGMo",139,1259969843169763328,2020-05-11 22:13:14,Twitter for iPhone,30739,8059
158,Tom Tiffany (@TomTiffanyWI) is a Great Advocate for the incredible people of Wisconsin (WI07). We need Tom in Congr‚Ä¶ https://t.co/w0P1ZSUU3G,140,1259969842305740800,2020-05-11 22:13:14,Twitter for iPhone,51504,13579
159,RT @WhiteHouse: The Trump Administration is providing collection supplies to help states meet their testing goals rapidly! https://t.co/HHk‚Ä¶,140,1259967587334664203,2020-05-11 22:04:16,Twitter for iPhone,0,6199
160,RT @WhiteHouse: The number of tests completed per day has doubled over the past three weeks. https://t.co/sTQKAkWqXc,116,1259967565096521733,2020-05-11 22:04:11,Twitter for iPhone,0,5996
161,RT @WhiteHouse: The Trump Administration has marshaled every resource at its disposal to fight the Coronavirus. https://t.co/yXqiPbClSu,135,1259967560180740097,2020-05-11 22:04:10,Twitter for iPhone,0,5865
162,RT @WhiteHouse: LIVE: President @realDonaldTrump delivers remarks on testing https://t.co/m2HCbBcA5o,100,1259940503598125057,2020-05-11 20:16:39,Twitter for iPhone,0,8449
163,"Congressman Adrian Smith is a strong fighter for Nebraska. He fights for your Second Amendment, defends our Borders‚Ä¶ https://t.co/iwN7ReAzJW",140,1259923890664615936,2020-05-11 19:10:38,Twitter for iPhone,43203,12086
164,"Congressman Jeff Fortenberry (@SupportFortNE) is a great advocate for Nebraska. He fights for Farmers, Small Busine‚Ä¶ https://t.co/K5xw3yCKGs",140,1259923781826592768,2020-05-11 19:10:12,Twitter for iPhone,28572,8172
165,"Congressman @DonJBacon is doing a tremendous job for Nebraska! He served our Country as an Air Force General, and n‚Ä¶ https://t.co/2uLNzBUW8b",140,1259923682887073792,2020-05-11 19:09:48,Twitter for iPhone,30972,8877
166,https://t.co/v4XFSs5NBg,23,1259900350338908164,2020-05-11 17:37:05,Twitter for iPhone,46461,12383
167,"THE ENEMY OF THE PEOPLE. Sadly, our Lamestream Media is TOTALLY CORRUPT! https://t.co/S4hRDIZIOQ",96,1259868955319173122,2020-05-11 15:32:20,Twitter for iPhone,97886,28046
168,"RT @Techno_Fog: Developing‚Ä¶

The INITIAL Flynn/Kislyak leak was not to David Ignatius ‚Äì it 
was to WaPo reporter Adam Entous.

The leak cam‚Ä¶",140,1259867763595755522,2020-05-11 15:27:36,Twitter for iPhone,0,17176
169,"RT @LeeSmithDC: Did Obama spy chief lie about not briefing the Flynn-Kislyak calls to Obama? 

Me in @JustTheNews

https://t.co/bJYuAV12Sr",138,1259867623178764288,2020-05-11 15:27:03,Twitter for iPhone,0,10603
170,"Because it was OBAMAGATE, and he and Sleepy Joe led the charge. The most corrupt administration in U.S. history! https://t.co/PTzFvvITh3",136,1259867421676109824,2020-05-11 15:26:15,Twitter for iPhone,136972,46017
171,RT @MZHemingway: Chuck Todd Faceplants With Deceptive Video Of William Barr https://t.co/zocywCgdwz,99,1259866755192815616,2020-05-11 15:23:36,Twitter for iPhone,0,10896
172,"He should be FIRED by Concast. If done by a Republican, would be ‚Äúprosecuted‚Äù. @AjitPaiFCC https://t.co/Lqi3oWEaiP",114,1259866337029038080,2020-05-11 15:21:56,Twitter for iPhone,49051,15096
173,RT @davidwebbshow: It's not even the pretense of news any more by @ChuckTodd #ChuckTodd and @NBCNews #MeetThePress. I'm not disappointed. T‚Ä¶,140,1259865497203617799,2020-05-11 15:18:36,Twitter for iPhone,0,9417
174,.@WashTimes  ‚ÄúFBI Went Rogue In Pursuit Of Trump‚Äù,49,1259852886068076545,2020-05-11 14:28:29,Twitter for iPhone,98550,26651
175,"The great people of Pennsylvania want their freedom now, and they are fully aware of what that entails. The Democra‚Ä¶ https://t.co/yb09Y4DxxA",140,1259852364326014978,2020-05-11 14:26:25,Twitter for iPhone,135696,34882
176,OBAMAGATE makes Watergate look small time!,42,1259849944216846337,2020-05-11 14:16:48,Twitter for iPhone,315472,81195
177,"Coronavirus numbers are looking MUCH better, going down almost everywhere. Big progress being made!",99,1259844948960120833,2020-05-11 13:56:57,Twitter for iPhone,207780,34124
178,"Dems are trying to steal the Mike Garcia Congressional Race in California. Republicans, get out and VOTE for your terrific candidate, ASAP!",139,1259843806049992704,2020-05-11 13:52:24,Twitter for iPhone,103263,30153
179,"Great credit being given for our Coronavirus response, except in the Fake News. They are a disgrace to America!",111,1259842012632821767,2020-05-11 13:45:17,Twitter for iPhone,159978,30223
180,"@FCC  THIS IS A DISGRACE, EVEN WORSE THAN @NBC USUALLY IS, WHICH IS REALLY BAD. SLEEPY EYES MUST BE FIRED! https://t.co/NWy7WTxH8e",130,1259837779237842954,2020-05-11 13:28:27,Twitter for iPhone,4336,1941
181,"RT @RLM42753: @greg_price11 @chucktodd Todd completely lied about Barr's comments...""He didn't make the case that he was upholding the rule‚Ä¶",140,1259836453900693506,2020-05-11 13:23:11,Twitter for iPhone,0,8655
182,RT @HalFurman: @greg_price11 @chucktodd Sleazy hit job. @chucktodd,66,1259836348145569796,2020-05-11 13:22:46,Twitter for iPhone,0,4926
183,RT @DrJoeDobrowski: @greg_price11 @JohnParshon @chucktodd This is also unfair to @CBS_Herridge and an affront to @CBSNews and Catherine‚Äôs p‚Ä¶,140,1259836310208024576,2020-05-11 13:22:37,Twitter for iPhone,0,5552
184,"RT @greg_price11: Today on Meet The Press, @chucktodd wildly took context out of an answer AG Bill Barr gave about his decision to drop the‚Ä¶",140,1259836223822184448,2020-05-11 13:22:17,Twitter for iPhone,0,24642
185,"This is why it‚Äôs not really the Lamestream Media, it‚Äôs the Rigged Media....and it is what I‚Äôm up against. It was co‚Ä¶ https://t.co/qufOsxOxpy",140,1259835082040377345,2020-05-11 13:17:44,Twitter for iPhone,103653,36433
186,RT @realDonaldTrump: Sleepy Eyes Chuck Todd should be FIRED by ‚ÄúConcast‚Äù (NBC) for this fraud. He knew exactly what he was doing. Public Ai‚Ä¶,140,1259831796130340864,2020-05-11 13:04:41,Twitter for iPhone,0,25438
187,"RT @realDonaldTrump: He got caught, OBAMAGATE!",46,1259831522783346693,2020-05-11 13:03:36,Twitter for iPhone,0,68549
188,OBAMAGATE! https://t.co/mSmWsbfOWf,34,1259831370429407232,2020-05-11 13:02:59,Twitter for iPhone,121400,35760
189,"RT @DailyCaller: China Asked The WHO To Help Cover Up Coronavirus, German Intelligence Concludes
https://t.co/ilUVxPqklx",120,1259678352912388096,2020-05-11 02:54:57,Twitter for iPhone,0,18410
190,"RT @DailyCaller: Trey Gowdy Identifies Reporters Who Allegedly Peddled Misleading Adam Schiff Leaks
https://t.co/2B87gX0rtO",123,1259677846655643648,2020-05-11 02:52:56,Twitter for iPhone,0,10543
191,RT @DailyCaller: Kudlow On Obama COVID-19 Criticism: ‚ÄòWe‚Äôve Created A Massive Health And Safety Infrastructure‚Äô https://t.co/JrHrtMxA1M,135,1259675975509594112,2020-05-11 02:45:30,Twitter for iPhone,0,6563
192,RT @DailyCaller: Flynn‚Äôs Lawyer Says Obama Was Part Of Conspiracy To Entrap Former National Security Advisor https://t.co/j6plzMUFiq,132,1259675930278182914,2020-05-11 02:45:20,Twitter for iPhone,0,19313
193,"RT @TrumpVictoryWI: üö®1 MILLION PHONE CALLSüö®

It‚Äôs official, Team Wisconsin has made over 1,000,000 phone calls into WI-07 to #GOTV for @Tom‚Ä¶",140,1259675717090054146,2020-05-11 02:44:29,Twitter for iPhone,0,5566
194,"RT @ErinMPerrine: Happy Mother‚Äôs Day and thank you to every mom out there for what you do!

@TeamTrump is launching a new coalition ‚Äî #Moms‚Ä¶",140,1259675501305749507,2020-05-11 02:43:37,Twitter for iPhone,0,7290
195,RT @TeamTrump: Team Trump Online reached more than 1 MILLION unique views for the sixth week in a row and totaled 340 MILLION views across‚Ä¶,139,1259675372649660419,2020-05-11 02:43:07,Twitter for iPhone,0,8005
196,Sleepy Eyes Chuck Todd should be FIRED by ‚ÄúConcast‚Äù (NBC) for this fraud. He knew exactly what he was doing. Public‚Ä¶ https://t.co/DSIA7n9zxq,140,1259675040314003459,2020-05-11 02:41:47,Twitter for iPhone,80240,25438
197,"RT @darhar981: Attorney General Barr‚Äôs Office Shreds NBC‚Äôs Chuck Todd For ‚ÄòDeceptive Editing‚Äô Of Barr‚Äôs Comments 
On ‚ÄúMeet The Press,‚Äù Todd‚Ä¶",140,1259672385286012928,2020-05-11 02:31:14,Twitter for iPhone,0,12054
